{
    "accuracy": 0.8089973898357132,
    "classification_report": {
        "0": {
            "precision": 0.9396100808368997,
            "recall": 0.7996762444354513,
            "f1-score": 0.8640139921294272,
            "support": 4942.0
        },
        "1": {
            "precision": 0.5708712613784135,
            "recall": 0.838319541693189,
            "f1-score": 0.6792160907684374,
            "support": 1571.0
        },
        "accuracy": 0.8089973898357132,
        "macro avg": {
            "precision": 0.7552406711076566,
            "recall": 0.8189978930643201,
            "f1-score": 0.7716150414489322,
            "support": 6513.0
        },
        "weighted avg": {
            "precision": 0.8506666315248651,
            "recall": 0.8089973898357132,
            "f1-score": 0.819438911054943,
            "support": 6513.0
        }
    },
    "confusion_matrix": [
        [
            3952,
            990
        ],
        [
            254,
            1317
        ]
    ]
}